{"issue_number": 481, "created_at": "2019-04-20", "closed_at": "2019-04-20", "labels": [], "State": "closed", "Author": "JSP19SCM03G"}
{"issue_number": 478, "created_at": "2019-04-19", "closed_at": "2019-04-19", "labels": [], "State": "closed", "Author": "YSP19SCM26X"}
{"issue_number": 466, "created_at": "2019-04-18", "closed_at": "2019-04-18", "labels": [], "State": "closed", "Author": "YSP19SCM26X"}
{"issue_number": 424, "created_at": "2019-04-13", "closed_at": "2019-04-20", "labels": [], "State": "closed", "Author": "SSP19SCM81Y"}
{"issue_number": 411, "created_at": "2019-04-11", "closed_at": "2019-04-11", "labels": [], "State": "closed", "Author": "JSP19SCM33G"}
{"issue_number": 399, "created_at": "2019-04-11", "closed_at": "2019-04-11", "labels": [], "State": "closed", "Author": "HSP19SCM81A"}
{"issue_number": 398, "created_at": "2019-04-10", "closed_at": "2019-04-11", "labels": [], "State": "closed", "Author": "HSP19SCM81A"}
{"issue_number": 386, "created_at": "2019-04-10", "closed_at": "2019-04-10", "labels": [], "State": "closed", "Author": "MSP19SCM07P"}
{"issue_number": 385, "created_at": "2019-04-10", "closed_at": "2019-04-10", "labels": [], "State": "closed", "Author": "ASP19SCM59K"}
{"issue_number": 384, "created_at": "2019-04-10", "closed_at": "2019-04-10", "labels": [], "State": "closed", "Author": "PSP19SCM76K"}
{"issue_number": 382, "created_at": "2019-04-10", "closed_at": "2019-04-10", "labels": [], "State": "closed", "Author": "SSP19SCM40G"}
{"issue_number": 381, "created_at": "2019-04-10", "closed_at": "2019-04-10", "labels": [], "State": "closed", "Author": "PSP19SCM76K"}
{"issue_number": 379, "created_at": "2019-04-10", "closed_at": "2019-04-10", "labels": [], "State": "closed", "Author": "CSP19SCM35G"}
{"issue_number": 378, "created_at": "2019-04-10", "closed_at": "2019-04-10", "labels": [], "State": "closed", "Author": "ajha8"}
{"issue_number": 375, "created_at": "2019-04-10", "closed_at": "2019-04-10", "labels": [], "State": "closed", "Author": "KSP19SCM20P"}
{"issue_number": 373, "created_at": "2019-04-10", "closed_at": "2019-04-10", "labels": [], "State": "closed", "Author": "MSP19SCM00A"}
{"issue_number": 372, "created_at": "2019-04-10", "closed_at": "2019-04-10", "labels": [], "State": "closed", "Author": "ASP19SCM09A"}
{"issue_number": 368, "created_at": "2019-04-10", "closed_at": "2019-04-10", "labels": [], "State": "closed", "Author": "RitikaKumari"}
{"issue_number": 367, "created_at": "2019-04-10", "closed_at": "2019-04-10", "labels": [], "State": "closed", "Author": "ZSP19SCM13W"}
{"issue_number": 366, "created_at": "2019-04-10", "closed_at": "2019-04-10", "labels": [], "State": "closed", "Author": "ASP19SCM61G"}
{"issue_number": 365, "created_at": "2019-04-10", "closed_at": "2019-04-10", "labels": [], "State": "closed", "Author": "CSP19SCM35G"}
{"issue_number": 363, "created_at": "2019-04-10", "closed_at": "2019-04-10", "labels": [], "State": "closed", "Author": "shiwanshukr"}
{"issue_number": 353, "created_at": "2019-04-10", "closed_at": "2019-04-10", "labels": [], "State": "closed", "Author": "ZSP19SCM13W"}
{"issue_number": 350, "created_at": "2019-04-10", "closed_at": "2019-04-10", "labels": [], "State": "closed", "Author": "ASP19SCM61G"}
{"issue_number": 346, "created_at": "2019-04-10", "closed_at": "2019-04-10", "labels": [], "State": "closed", "Author": "HSP19SCM39P"}
{"issue_number": 344, "created_at": "2019-04-09", "closed_at": "2019-04-10", "labels": [], "State": "closed", "Author": "SSP19SCM52K"}
{"issue_number": 343, "created_at": "2019-04-09", "closed_at": "2019-04-10", "labels": [], "State": "closed", "Author": "KSP19SCM90B"}
{"issue_number": 342, "created_at": "2019-04-09", "closed_at": "2019-04-10", "labels": [], "State": "closed", "Author": "KSP19SCM75S"}
{"issue_number": 340, "created_at": "2019-04-09", "closed_at": "2019-04-10", "labels": [], "State": "closed", "Author": "ASP19SCM71S"}
{"issue_number": 339, "created_at": "2019-04-09", "closed_at": "2019-04-10", "labels": [], "State": "closed", "Author": "SSP19SCM44W"}
{"issue_number": 334, "created_at": "2019-04-09", "closed_at": "2019-04-10", "labels": [], "State": "closed", "Author": "MinakshyRamachandran"}
{"issue_number": 332, "created_at": "2019-04-09", "closed_at": "2019-04-10", "labels": [], "State": "closed", "Author": "FSP19SCM57S"}
{"issue_number": 331, "created_at": "2019-04-09", "closed_at": "2019-04-09", "labels": [], "State": "closed", "Author": "MSP19SCM59K"}
{"issue_number": 330, "created_at": "2019-04-09", "closed_at": "2019-04-09", "labels": [], "State": "closed", "Author": "PSP19SCM08P"}
{"issue_number": 325, "created_at": "2019-04-09", "closed_at": "2019-04-09", "labels": [], "State": "closed", "Author": "MSP19SCM63X"}
{"issue_number": 323, "created_at": "2019-04-09", "closed_at": "2019-04-09", "labels": [], "State": "closed", "Author": "RSP19SCM71C"}
{"issue_number": 321, "created_at": "2019-04-09", "closed_at": "2019-04-09", "labels": [], "State": "closed", "Author": "ASP19SCM57V"}
{"issue_number": 320, "created_at": "2019-04-09", "closed_at": "2019-04-09", "labels": [], "State": "closed", "Author": "PSP19SCM07S"}
{"issue_number": 317, "created_at": "2019-04-09", "closed_at": "2019-04-09", "labels": [], "State": "closed", "Author": "ASP19SCM32A"}
{"issue_number": 315, "created_at": "2019-04-09", "closed_at": "2019-04-09", "labels": [], "State": "closed", "Author": "CSP19SCM54G"}
{"issue_number": 314, "created_at": "2019-04-09", "closed_at": "2019-04-09", "labels": [], "State": "closed", "Author": "JSP19SCM86L"}
{"issue_number": 311, "created_at": "2019-04-09", "closed_at": "2019-04-09", "labels": [], "State": "closed", "Author": "MSP19SCM59K"}
{"issue_number": 309, "created_at": "2019-04-09", "closed_at": "2019-04-09", "labels": [], "State": "closed", "Author": "ASP19SCM23W"}
{"issue_number": 308, "created_at": "2019-04-09", "closed_at": "2019-04-09", "labels": [], "State": "closed", "Author": "fashokkumar"}
{"issue_number": 307, "created_at": "2019-04-09", "closed_at": "2019-04-09", "labels": [], "State": "closed", "Author": "NSP19SCM30A"}
{"issue_number": 301, "created_at": "2019-04-09", "closed_at": "2019-04-09", "labels": [], "State": "closed", "Author": "SSP19SCM75K"}
{"issue_number": 290, "created_at": "2019-04-09", "closed_at": "2019-04-09", "labels": [], "State": "closed", "Author": "XSP19SCM71C"}
{"issue_number": 289, "created_at": "2019-04-08", "closed_at": "2019-04-09", "labels": [], "State": "closed", "Author": "VSP19SCM12C"}
{"issue_number": 286, "created_at": "2019-04-08", "closed_at": "2019-04-09", "labels": [], "State": "closed", "Author": "JSP19SCM86L"}
{"issue_number": 285, "created_at": "2019-04-08", "closed_at": "2019-04-09", "labels": [], "State": "closed", "Author": "MehulSin"}
{"issue_number": 283, "created_at": "2019-04-08", "closed_at": "2019-04-09", "labels": [], "State": "closed", "Author": "YSP19SCM81M"}
{"issue_number": 271, "created_at": "2019-04-08", "closed_at": "2019-04-08", "labels": [], "State": "closed", "Author": "JSP19SCM65Z"}
{"issue_number": 270, "created_at": "2019-04-08", "closed_at": "2019-04-08", "labels": [], "State": "closed", "Author": "VSP19SCM70K"}
{"issue_number": 265, "created_at": "2019-04-07", "closed_at": "2019-04-08", "labels": [], "State": "closed", "Author": "rdhande"}
{"issue_number": 264, "created_at": "2019-04-07", "closed_at": "2019-04-08", "labels": [], "State": "closed", "Author": "JSP19SCM13R"}
{"issue_number": 261, "created_at": "2019-04-07", "closed_at": "2019-04-08", "labels": [], "State": "closed", "Author": "SSP19SCM98G"}
{"issue_number": 259, "created_at": "2019-04-07", "closed_at": "2019-04-08", "labels": [], "State": "closed", "Author": "ASP19SCM00V"}
{"issue_number": 257, "created_at": "2019-04-07", "closed_at": "2019-04-07", "labels": [], "State": "closed", "Author": "HSP19SCM72L"}
{"issue_number": 256, "created_at": "2019-04-07", "closed_at": "2019-04-07", "labels": [], "State": "closed", "Author": "HSP19SCM72L"}
{"issue_number": 254, "created_at": "2019-04-06", "closed_at": "2019-04-06", "labels": [], "State": "closed", "Author": "JSP19SCM13R"}
{"issue_number": 252, "created_at": "2019-04-06", "closed_at": "2019-04-07", "labels": [], "State": "closed", "Author": "PSP19SCM38K"}
{"issue_number": 250, "created_at": "2019-04-06", "closed_at": "2019-04-06", "labels": [], "State": "closed", "Author": "MSP19SCM18H"}
{"issue_number": 248, "created_at": "2019-04-06", "closed_at": "2019-04-06", "labels": [], "State": "closed", "Author": "HSP19SCM19M"}
{"issue_number": 247, "created_at": "2019-04-05", "closed_at": "2019-04-06", "labels": [], "State": "closed", "Author": "ZSP19SCM13W"}
{"issue_number": 245, "created_at": "2019-04-05", "closed_at": "2019-04-05", "labels": [], "State": "closed", "Author": "ZSP19SCM95D"}
{"issue_number": 234, "created_at": "2019-04-05", "closed_at": "2019-04-05", "labels": [], "State": "closed", "Author": "RSP19SCM73K"}
{"issue_number": 233, "created_at": "2019-04-05", "closed_at": "2019-04-05", "labels": [], "State": "closed", "Author": "PSP19SCM40J"}
{"issue_number": 228, "created_at": "2019-04-05", "closed_at": "2019-04-05", "labels": [], "State": "closed", "Author": "WSP19SCM39H"}
{"issue_number": 215, "created_at": "2019-04-04", "closed_at": "2019-04-04", "labels": [], "State": "closed", "Author": "MSP19SCM63X"}
{"issue_number": 214, "created_at": "2019-04-04", "closed_at": "2019-04-04", "labels": [], "State": "closed", "Author": "TSP19SCM80P"}
{"issue_number": 213, "created_at": "2019-04-04", "closed_at": "2019-04-04", "labels": [], "State": "closed", "Author": "JSP19SCM03G"}
{"issue_number": 212, "created_at": "2019-04-04", "closed_at": "2019-04-04", "labels": [], "State": "closed", "Author": "ASP19SCM61G"}
{"issue_number": 209, "created_at": "2019-04-04", "closed_at": "2019-04-04", "labels": [], "State": "closed", "Author": "PSP19SCM80S"}
{"issue_number": 207, "created_at": "2019-04-04", "closed_at": "2019-04-04", "labels": [], "State": "closed", "Author": "SSP19SCM40G"}
{"issue_number": 205, "created_at": "2019-04-04", "closed_at": "2019-04-04", "labels": [], "State": "closed", "Author": "ASP19SCM09A"}
{"issue_number": 204, "created_at": "2019-04-04", "closed_at": "2019-04-04", "labels": [], "State": "closed", "Author": "MSP19SCM59K"}
{"issue_number": 203, "created_at": "2019-04-04", "closed_at": "2019-04-04", "labels": [], "State": "closed", "Author": "KSP19SCM20P"}
{"issue_number": 202, "created_at": "2019-04-04", "closed_at": "2019-04-04", "labels": [], "State": "closed", "Author": "HSP19SCM39P"}
{"issue_number": 201, "created_at": "2019-04-04", "closed_at": "2019-04-04", "labels": [], "State": "closed", "Author": "ajha8"}
{"issue_number": 196, "created_at": "2019-04-04", "closed_at": "2019-04-04", "labels": [], "State": "closed", "Author": "KSP19SCM75S"}
{"issue_number": 195, "created_at": "2019-04-04", "closed_at": "2019-04-04", "labels": [], "State": "closed", "Author": "MehulSin"}
{"issue_number": 194, "created_at": "2019-04-04", "closed_at": "2019-04-04", "labels": [], "State": "closed", "Author": "ASP19SCM32A"}
{"issue_number": 192, "created_at": "2019-04-04", "closed_at": "2019-04-04", "labels": [], "State": "closed", "Author": "HSP19SCM81A"}
{"issue_number": 189, "created_at": "2019-04-03", "closed_at": "2019-04-03", "labels": [], "State": "closed", "Author": "HSP19SCM81A"}
{"issue_number": 188, "created_at": "2019-04-03", "closed_at": "2019-04-03", "labels": [], "State": "closed", "Author": "PSP19SCM08P"}
{"issue_number": 187, "created_at": "2019-04-03", "closed_at": "2019-04-03", "labels": [], "State": "closed", "Author": "SSP19SCM44W"}
{"issue_number": 184, "created_at": "2019-04-03", "closed_at": "2019-04-03", "labels": [], "State": "closed", "Author": "FSP19SCM57S"}
{"issue_number": 183, "created_at": "2019-04-03", "closed_at": "2019-04-03", "labels": [], "State": "closed", "Author": "FSP19SCM57S"}
{"issue_number": 180, "created_at": "2019-04-03", "closed_at": "2019-04-03", "labels": [], "State": "closed", "Author": "FSP19SCM57S"}
{"issue_number": 175, "created_at": "2019-04-03", "closed_at": "2019-04-03", "labels": [], "State": "closed", "Author": "RSP19SCM73K"}
{"issue_number": 173, "created_at": "2019-04-03", "closed_at": "2019-04-03", "labels": [], "State": "closed", "Author": "SSP19SCM81Y"}
{"issue_number": 172, "created_at": "2019-04-03", "closed_at": "2019-04-03", "labels": [], "State": "closed", "Author": "JSP19SCM59D"}
{"issue_number": 171, "created_at": "2019-04-03", "closed_at": "2019-04-03", "labels": [], "State": "closed", "Author": "PSP19SCM76K"}
{"issue_number": 167, "created_at": "2019-04-03", "closed_at": "2019-04-03", "labels": [], "State": "closed", "Author": "ASP19SCM59K"}
{"issue_number": 166, "created_at": "2019-04-03", "closed_at": "2019-04-03", "labels": [], "State": "closed", "Author": "MinakshyRamachandran"}
{"issue_number": 165, "created_at": "2019-04-03", "closed_at": "2019-04-03", "labels": [], "State": "closed", "Author": "CSP19SCM54G"}
{"issue_number": 163, "created_at": "2019-04-03", "closed_at": "2019-04-03", "labels": [], "State": "closed", "Author": "JSP19SCM33G"}
{"issue_number": 148, "created_at": "2019-04-03", "closed_at": "2019-04-03", "labels": [], "State": "closed", "Author": "ASP19SCM00V"}
{"issue_number": 147, "created_at": "2019-04-03", "closed_at": "2019-04-03", "labels": [], "State": "closed", "Author": "WSP19SCM39H"}
{"issue_number": 145, "created_at": "2019-04-03", "closed_at": "2019-04-03", "labels": [], "State": "closed", "Author": "HSP19SCM19M"}
{"issue_number": 144, "created_at": "2019-04-03", "closed_at": "2019-04-03", "labels": [], "State": "closed", "Author": "CSP19SCM35G"}
{"issue_number": 141, "created_at": "2019-04-03", "closed_at": "2019-04-03", "labels": [], "State": "closed", "Author": "RSP19SCM71C"}
{"issue_number": 140, "created_at": "2019-04-03", "closed_at": "2019-04-03", "labels": [], "State": "closed", "Author": "RSP19SCM71C"}
{"issue_number": 137, "created_at": "2019-04-03", "closed_at": "2019-04-03", "labels": [], "State": "closed", "Author": "ZSP19SCM95D"}
{"issue_number": 136, "created_at": "2019-04-03", "closed_at": "2019-04-03", "labels": [], "State": "closed", "Author": "JSP19SCM86L"}
{"issue_number": 134, "created_at": "2019-04-03", "closed_at": "2019-04-03", "labels": [], "State": "closed", "Author": "MSP19SCM07P"}
{"issue_number": 133, "created_at": "2019-04-03", "closed_at": "2019-04-03", "labels": [], "State": "closed", "Author": "PSP19SCM38K"}
{"issue_number": 129, "created_at": "2019-04-03", "closed_at": "2019-04-03", "labels": [], "State": "closed", "Author": "rdhande"}
{"issue_number": 128, "created_at": "2019-04-02", "closed_at": "2019-04-02", "labels": [], "State": "closed", "Author": "MSP19SCM00A"}
{"issue_number": 125, "created_at": "2019-04-02", "closed_at": "2019-04-02", "labels": [], "State": "closed", "Author": "ASP19SCM71S"}
{"issue_number": 124, "created_at": "2019-04-02", "closed_at": "2019-04-02", "labels": [], "State": "closed", "Author": "KSP19SCM90B"}
{"issue_number": 123, "created_at": "2019-04-02", "closed_at": "2019-04-02", "labels": [], "State": "closed", "Author": "PSP19SCM40J"}
{"issue_number": 121, "created_at": "2019-04-02", "closed_at": "2019-04-02", "labels": [], "State": "closed", "Author": "YSP19SCM81M"}
{"issue_number": 119, "created_at": "2019-04-02", "closed_at": "2019-04-02", "labels": [], "State": "closed", "Author": "JSP19SCM65Z"}
{"issue_number": 118, "created_at": "2019-04-02", "closed_at": "2019-04-02", "labels": [], "State": "closed", "Author": "ASP19SCM57V"}
{"issue_number": 117, "created_at": "2019-04-02", "closed_at": "2019-04-02", "labels": [], "State": "closed", "Author": "PSP19SCM07S"}
{"issue_number": 116, "created_at": "2019-04-02", "closed_at": "2019-04-02", "labels": [], "State": "closed", "Author": "HSP19SCM72L"}
{"issue_number": 104, "created_at": "2019-04-02", "closed_at": "2019-04-02", "labels": [], "State": "closed", "Author": "VSP19SCM12C"}
{"issue_number": 102, "created_at": "2019-04-02", "closed_at": "2019-04-02", "labels": [], "State": "closed", "Author": "XSP19SCM71C"}
{"issue_number": 97, "created_at": "2019-04-02", "closed_at": "2019-04-02", "labels": [], "State": "closed", "Author": "SSP19SCM98G"}
{"issue_number": 96, "created_at": "2019-04-02", "closed_at": "2019-04-02", "labels": [], "State": "closed", "Author": "KSP19SCM90B"}
{"issue_number": 93, "created_at": "2019-04-02", "closed_at": "2019-04-02", "labels": [], "State": "closed", "Author": "VSP19SCM70K"}
{"issue_number": 91, "created_at": "2019-04-02", "closed_at": "2019-04-02", "labels": [], "State": "closed", "Author": "fashokkumar"}
{"issue_number": 90, "created_at": "2019-04-02", "closed_at": "2019-04-02", "labels": [], "State": "closed", "Author": "SSP19SCM52K"}
{"issue_number": 89, "created_at": "2019-04-02", "closed_at": "2019-04-02", "labels": [], "State": "closed", "Author": "NSP19SCM30A"}
{"issue_number": 88, "created_at": "2019-04-02", "closed_at": "2019-04-02", "labels": [], "State": "closed", "Author": "SSP19SCM52K"}
{"issue_number": 86, "created_at": "2019-04-02", "closed_at": "2019-04-02", "labels": [], "State": "closed", "Author": "NSP19SCM30A"}
{"issue_number": 85, "created_at": "2019-04-02", "closed_at": "2019-04-02", "labels": [], "State": "closed", "Author": "fashokkumar"}
{"issue_number": 84, "created_at": "2019-04-02", "closed_at": "2019-04-02", "labels": [], "State": "closed", "Author": "JSP19SCM59D"}
{"issue_number": 83, "created_at": "2019-04-02", "closed_at": "2019-04-02", "labels": [], "State": "closed", "Author": "MSP19SCM18H"}
{"issue_number": 80, "created_at": "2019-04-02", "closed_at": "2019-04-02", "labels": [], "State": "closed", "Author": "ASP19SCM23W"}
{"issue_number": 78, "created_at": "2019-04-02", "closed_at": "2019-04-02", "labels": [], "State": "closed", "Author": "JSP19SCM42J"}
{"issue_number": 72, "created_at": "2019-04-02", "closed_at": "2019-04-02", "labels": [], "State": "closed", "Author": "JSP19SCM42J"}
{"issue_number": 68, "created_at": "2019-04-01", "closed_at": "2019-04-01", "labels": [], "State": "closed", "Author": "JSP19SCM59D"}
{"issue_number": 2, "created_at": "2019-03-28", "closed_at": "2019-03-29", "labels": [], "State": "closed", "Author": "SPM587SP19"}
